<?xml version="1.0" encoding="utf-8" ?>
<DEN_LIST>
  <DEN>
    <KAI_CODE>NAMD</KAI_CODE>
    <IN_SYS_CODE>A8</IN_SYS_CODE>
    <IN_SYS_DATE>20100222</IN_SYS_DATE>
    <IN_SYS_DATA_NO>0</IN_SYS_DATA_NO>
    <SWK_ID>A8011</SWK_ID>
    <KESSAN_KBN>0</KESSAN_KBN>
    <IN_USR_ID>A8</IN_USR_ID>
    <DEN_NO>02220001</DEN_NO>
    <DRCR GYO_NO="1">
      <DR_KMK_CODE></DR_KMK_CODE>
      <DR_HKM_CODE></DR_HKM_CODE>
      <DR_BMN_CODE>HQ0000</DR_BMN_CODE>
      <DR_CODE1></DR_CODE1>
      <DR_CODE2></DR_CODE2>
      <DR_CODE3></DR_CODE3>
      <DR_CODE4>ACMT031</DR_CODE4>
      <DR_KIN>3947120</DR_KIN>
      <DR_CUR_CODE></DR_CUR_CODE>
      <DR_CRT_RATE_TYPE></DR_CRT_RATE_TYPE>
      <DR_CRT_RATE></DR_CRT_RATE>
      <DR_CUR_KIN></DR_CUR_KIN>
      <DR_ZEI_CODE></DR_ZEI_CODE>
      <DR_ZEI_KBN></DR_ZEI_KBN>
      <DR_ZEI_KIN>0</DR_ZEI_KIN>
      <DR_TEKIYO1>2010/04 - 2010/08</DR_TEKIYO1>
      <DR_TEKIYO2></DR_TEKIYO2>
      <DR_TORI_KBN>2</DR_TORI_KBN>
      <DR_TORI_CODE>0035</DR_TORI_CODE>
      <CR_KMK_CODE></CR_KMK_CODE>
      <CR_HKM_CODE></CR_HKM_CODE>
      <CR_BMN_CODE>HQ0000</CR_BMN_CODE>
      <CR_CODE1></CR_CODE1>
      <CR_CODE2></CR_CODE2>
      <CR_CODE3></CR_CODE3>
      <CR_CODE4>ACMT031</CR_CODE4>
      <CR_KIN>3947120</CR_KIN>
      <CR_CUR_CODE></CR_CUR_CODE>
      <CR_CRT_RATE_TYPE></CR_CRT_RATE_TYPE>
      <CR_CRT_RATE></CR_CRT_RATE>
      <CR_CUR_KIN></CR_CUR_KIN>
      <CR_ZEI_CODE></CR_ZEI_CODE>
      <CR_ZEI_KBN></CR_ZEI_KBN>
      <CR_ZEI_KIN>0</CR_ZEI_KIN>
      <CR_TEKIYO1>2010/04 - 2010/08</CR_TEKIYO1>
      <CR_TEKIYO2></CR_TEKIYO2>
      <CR_TORI_KBN>2</CR_TORI_KBN>
      <CR_TORI_CODE>0035</CR_TORI_CODE>
    </DRCR>
    <SWK_JYO1></SWK_JYO1>
    <SWK_JYO2></SWK_JYO2>
    <SWK_JYO3></SWK_JYO3>
    <SWK_JYO4></SWK_JYO4>
    <SWK_JYO5></SWK_JYO5>
    <KAIKEI_KOUMOKU1>RVN000</KAIKEI_KOUMOKU1>
    <KAIKEI_KOUMOKU2>RVNMF0</KAIKEI_KOUMOKU2>
    <KAIKEI_KOUMOKU3></KAIKEI_KOUMOKU3>
    <KAIKEI_KOUMOKU4>2010/04/01-2010/08/21</KAIKEI_KOUMOKU4>
    <KAIKEI_KOUMOKU5></KAIKEI_KOUMOKU5>
    <KANRI_COMMENT1></KANRI_COMMENT1>
    <KANRI_COMMENT2></KANRI_COMMENT2>
    <KANRI_COMMENT3></KANRI_COMMENT3>
    <KANRI_COMMENT4></KANRI_COMMENT4>
    <KANRI_COMMENT5></KANRI_COMMENT5>
    <KANRI_COMMENT6></KANRI_COMMENT6>
    <KANRI_COMMENT7></KANRI_COMMENT7>
    <KANRI_COMMENT8></KANRI_COMMENT8>
    <KANRI_COMMENT9></KANRI_COMMENT9>
    <KANRI_COMMENT10>100401-100821 157035   ノムラ-アクサロ</KANRI_COMMENT10>
    <AUS_FLG_01>0</AUS_FLG_01>
    <AU_USR_ID_01></AU_USR_ID_01>
    <AUS_DATE_01></AUS_DATE_01>
    <AUS_FLG_02>0</AUS_FLG_02>
    <AU_USR_ID_02></AU_USR_ID_02>
    <AUS_DATE_02></AUS_DATE_02>
    <SYO_FLG>0</SYO_FLG>
  </DEN>
  <DEN>
    <KAI_CODE>NAMD</KAI_CODE>
    <IN_SYS_CODE>A8</IN_SYS_CODE>
    <IN_SYS_DATE>20100222</IN_SYS_DATE>
    <IN_SYS_DATA_NO>0</IN_SYS_DATA_NO>
    <SWK_ID>A8011</SWK_ID>
    <KESSAN_KBN>0</KESSAN_KBN>
    <IN_USR_ID>A8</IN_USR_ID>
    <DEN_NO>02220002</DEN_NO>
    <DRCR GYO_NO="1">
      <DR_KMK_CODE></DR_KMK_CODE>
      <DR_HKM_CODE></DR_HKM_CODE>
      <DR_BMN_CODE>HQ0000</DR_BMN_CODE>
      <DR_CODE1></DR_CODE1>
      <DR_CODE2></DR_CODE2>
      <DR_CODE3></DR_CODE3>
      <DR_CODE4>ACMT031</DR_CODE4>
      <DR_KIN>6534373</DR_KIN>
      <DR_CUR_CODE></DR_CUR_CODE>
      <DR_CRT_RATE_TYPE></DR_CRT_RATE_TYPE>
      <DR_CRT_RATE></DR_CRT_RATE>
      <DR_CUR_KIN></DR_CUR_KIN>
      <DR_ZEI_CODE></DR_ZEI_CODE>
      <DR_ZEI_KBN></DR_ZEI_KBN>
      <DR_ZEI_KIN>0</DR_ZEI_KIN>
      <DR_TEKIYO1>2010/08 - 2014/04</DR_TEKIYO1>
      <DR_TEKIYO2></DR_TEKIYO2>
      <DR_TORI_KBN>2</DR_TORI_KBN>
      <DR_TORI_CODE>0035</DR_TORI_CODE>
      <CR_KMK_CODE></CR_KMK_CODE>
      <CR_HKM_CODE></CR_HKM_CODE>
      <CR_BMN_CODE>HQ0000</CR_BMN_CODE>
      <CR_CODE1></CR_CODE1>
      <CR_CODE2></CR_CODE2>
      <CR_CODE3></CR_CODE3>
      <CR_CODE4>ACMT031</CR_CODE4>
      <CR_KIN>6534373</CR_KIN>
      <CR_CUR_CODE></CR_CUR_CODE>
      <CR_CRT_RATE_TYPE></CR_CRT_RATE_TYPE>
      <CR_CRT_RATE></CR_CRT_RATE>
      <CR_CUR_KIN></CR_CUR_KIN>
      <CR_ZEI_CODE></CR_ZEI_CODE>
      <CR_ZEI_KBN></CR_ZEI_KBN>
      <CR_ZEI_KIN>0</CR_ZEI_KIN>
      <CR_TEKIYO1>2010/08 - 2014/04</CR_TEKIYO1>
      <CR_TEKIYO2></CR_TEKIYO2>
      <CR_TORI_KBN>2</CR_TORI_KBN>
      <CR_TORI_CODE>0035</CR_TORI_CODE>
    </DRCR>
    <SWK_JYO1></SWK_JYO1>
    <SWK_JYO2></SWK_JYO2>
    <SWK_JYO3></SWK_JYO3>
    <SWK_JYO4></SWK_JYO4>
    <SWK_JYO5></SWK_JYO5>
    <KAIKEI_KOUMOKU1>RVN000</KAIKEI_KOUMOKU1>
    <KAIKEI_KOUMOKU2>RVNMF0</KAIKEI_KOUMOKU2>
    <KAIKEI_KOUMOKU3></KAIKEI_KOUMOKU3>
    <KAIKEI_KOUMOKU4>2010/08/22-2014/04/10</KAIKEI_KOUMOKU4>
    <KAIKEI_KOUMOKU5></KAIKEI_KOUMOKU5>
    <KANRI_COMMENT1></KANRI_COMMENT1>
    <KANRI_COMMENT2></KANRI_COMMENT2>
    <KANRI_COMMENT3></KANRI_COMMENT3>
    <KANRI_COMMENT4></KANRI_COMMENT4>
    <KANRI_COMMENT5></KANRI_COMMENT5>
    <KANRI_COMMENT6></KANRI_COMMENT6>
    <KANRI_COMMENT7></KANRI_COMMENT7>
    <KANRI_COMMENT8></KANRI_COMMENT8>
    <KANRI_COMMENT9></KANRI_COMMENT9>
    <KANRI_COMMENT10>100822-140410 157035   ノムラ-アクサロ</KANRI_COMMENT10>
    <AUS_FLG_01>0</AUS_FLG_01>
    <AU_USR_ID_01></AU_USR_ID_01>
    <AUS_DATE_01></AUS_DATE_01>
    <AUS_FLG_02>0</AUS_FLG_02>
    <AU_USR_ID_02></AU_USR_ID_02>
    <AUS_DATE_02></AUS_DATE_02>
    <SYO_FLG>0</SYO_FLG>
  </DEN>
  <DEN>
    <KAI_CODE>NAMD</KAI_CODE>
    <IN_SYS_CODE>A8</IN_SYS_CODE>
    <IN_SYS_DATE>20100222</IN_SYS_DATE>
    <IN_SYS_DATA_NO>0</IN_SYS_DATA_NO>
    <SWK_ID>A8002</SWK_ID>
    <KESSAN_KBN>0</KESSAN_KBN>
    <IN_USR_ID>A8</IN_USR_ID>
    <DEN_NO>02220003</DEN_NO>
    <DRCR GYO_NO="1">
      <DR_KMK_CODE></DR_KMK_CODE>
      <DR_HKM_CODE></DR_HKM_CODE>
      <DR_BMN_CODE>HQ0000</DR_BMN_CODE>
      <DR_CODE1></DR_CODE1>
      <DR_CODE2></DR_CODE2>
      <DR_CODE3></DR_CODE3>
      <DR_CODE4>ACMT021</DR_CODE4>
      <DR_KIN>3082038</DR_KIN>
      <DR_CUR_CODE></DR_CUR_CODE>
      <DR_CRT_RATE_TYPE></DR_CRT_RATE_TYPE>
      <DR_CRT_RATE></DR_CRT_RATE>
      <DR_CUR_KIN></DR_CUR_KIN>
      <DR_ZEI_CODE></DR_ZEI_CODE>
      <DR_ZEI_KBN></DR_ZEI_KBN>
      <DR_ZEI_KIN>154101</DR_ZEI_KIN>
      <DR_TEKIYO1>2011/11 - 2012/05</DR_TEKIYO1>
      <DR_TEKIYO2></DR_TEKIYO2>
      <DR_TORI_KBN>2</DR_TORI_KBN>
      <DR_TORI_CODE>0008</DR_TORI_CODE>
      <CR_KMK_CODE></CR_KMK_CODE>
      <CR_HKM_CODE></CR_HKM_CODE>
      <CR_BMN_CODE>HQ0000</CR_BMN_CODE>
      <CR_CODE1></CR_CODE1>
      <CR_CODE2></CR_CODE2>
      <CR_CODE3></CR_CODE3>
      <CR_CODE4>ACMT021</CR_CODE4>
      <CR_KIN>3082038</CR_KIN>
      <CR_CUR_CODE></CR_CUR_CODE>
      <CR_CRT_RATE_TYPE></CR_CRT_RATE_TYPE>
      <CR_CRT_RATE></CR_CRT_RATE>
      <CR_CUR_KIN></CR_CUR_KIN>
      <CR_ZEI_CODE></CR_ZEI_CODE>
      <CR_ZEI_KBN></CR_ZEI_KBN>
      <CR_ZEI_KIN>154101</CR_ZEI_KIN>
      <CR_TEKIYO1>2011/11 - 2012/05</CR_TEKIYO1>
      <CR_TEKIYO2></CR_TEKIYO2>
      <CR_TORI_KBN>2</CR_TORI_KBN>
      <CR_TORI_CODE>0008</CR_TORI_CODE>
    </DRCR>
    <SWK_JYO1></SWK_JYO1>
    <SWK_JYO2></SWK_JYO2>
    <SWK_JYO3></SWK_JYO3>
    <SWK_JYO4></SWK_JYO4>
    <SWK_JYO5></SWK_JYO5>
    <KAIKEI_KOUMOKU1>RVN000</KAIKEI_KOUMOKU1>
    <KAIKEI_KOUMOKU2>RVNMF0</KAIKEI_KOUMOKU2>
    <KAIKEI_KOUMOKU3></KAIKEI_KOUMOKU3>
    <KAIKEI_KOUMOKU4>2011/11/18-2012/05/17</KAIKEI_KOUMOKU4>
    <KAIKEI_KOUMOKU5></KAIKEI_KOUMOKU5>
    <KANRI_COMMENT1></KANRI_COMMENT1>
    <KANRI_COMMENT2></KANRI_COMMENT2>
    <KANRI_COMMENT3></KANRI_COMMENT3>
    <KANRI_COMMENT4></KANRI_COMMENT4>
    <KANRI_COMMENT5></KANRI_COMMENT5>
    <KANRI_COMMENT6></KANRI_COMMENT6>
    <KANRI_COMMENT7></KANRI_COMMENT7>
    <KANRI_COMMENT8></KANRI_COMMENT8>
    <KANRI_COMMENT9></KANRI_COMMENT9>
    <KANRI_COMMENT10>111118-120517 180183   野村グローバル高</KANRI_COMMENT10>
    <AUS_FLG_01>0</AUS_FLG_01>
    <AU_USR_ID_01></AU_USR_ID_01>
    <AUS_DATE_01></AUS_DATE_01>
    <AUS_FLG_02>0</AUS_FLG_02>
    <AU_USR_ID_02></AU_USR_ID_02>
    <AUS_DATE_02></AUS_DATE_02>
    <SYO_FLG>0</SYO_FLG>
  </DEN>
  <DEN>
    <KAI_CODE>NAMD</KAI_CODE>
    <IN_SYS_CODE>A8</IN_SYS_CODE>
    <IN_SYS_DATE>20100222</IN_SYS_DATE>
    <IN_SYS_DATA_NO>0</IN_SYS_DATA_NO>
    <SWK_ID>A8002</SWK_ID>
    <KESSAN_KBN>0</KESSAN_KBN>
    <IN_USR_ID>A8</IN_USR_ID>
    <DEN_NO>02220004</DEN_NO>
    <DRCR GYO_NO="1">
      <DR_KMK_CODE></DR_KMK_CODE>
      <DR_HKM_CODE></DR_HKM_CODE>
      <DR_BMN_CODE>HQ0000</DR_BMN_CODE>
      <DR_CODE1></DR_CODE1>
      <DR_CODE2></DR_CODE2>
      <DR_CODE3></DR_CODE3>
      <DR_CODE4>ACMT021</DR_CODE4>
      <DR_KIN>2119310</DR_KIN>
      <DR_CUR_CODE></DR_CUR_CODE>
      <DR_CRT_RATE_TYPE></DR_CRT_RATE_TYPE>
      <DR_CRT_RATE></DR_CRT_RATE>
      <DR_CUR_KIN></DR_CUR_KIN>
      <DR_ZEI_CODE></DR_ZEI_CODE>
      <DR_ZEI_KBN></DR_ZEI_KBN>
      <DR_ZEI_KIN>105965</DR_ZEI_KIN>
      <DR_TEKIYO1>2011/11 - 2014/04</DR_TEKIYO1>
      <DR_TEKIYO2></DR_TEKIYO2>
      <DR_TORI_KBN>2</DR_TORI_KBN>
      <DR_TORI_CODE>0008</DR_TORI_CODE>
      <CR_KMK_CODE></CR_KMK_CODE>
      <CR_HKM_CODE></CR_HKM_CODE>
      <CR_BMN_CODE>HQ0000</CR_BMN_CODE>
      <CR_CODE1></CR_CODE1>
      <CR_CODE2></CR_CODE2>
      <CR_CODE3></CR_CODE3>
      <CR_CODE4>ACMT021</CR_CODE4>
      <CR_KIN>2119310</CR_KIN>
      <CR_CUR_CODE></CR_CUR_CODE>
      <CR_CRT_RATE_TYPE></CR_CRT_RATE_TYPE>
      <CR_CRT_RATE></CR_CRT_RATE>
      <CR_CUR_KIN></CR_CUR_KIN>
      <CR_ZEI_CODE></CR_ZEI_CODE>
      <CR_ZEI_KBN></CR_ZEI_KBN>
      <CR_ZEI_KIN>105965</CR_ZEI_KIN>
      <CR_TEKIYO1>2011/11 - 2014/04</CR_TEKIYO1>
      <CR_TEKIYO2></CR_TEKIYO2>
      <CR_TORI_KBN>2</CR_TORI_KBN>
      <CR_TORI_CODE>0008</CR_TORI_CODE>
    </DRCR>
    <SWK_JYO1></SWK_JYO1>
    <SWK_JYO2></SWK_JYO2>
    <SWK_JYO3></SWK_JYO3>
    <SWK_JYO4></SWK_JYO4>
    <SWK_JYO5></SWK_JYO5>
    <KAIKEI_KOUMOKU1>RVN000</KAIKEI_KOUMOKU1>
    <KAIKEI_KOUMOKU2>RVNMF0</KAIKEI_KOUMOKU2>
    <KAIKEI_KOUMOKU3></KAIKEI_KOUMOKU3>
    <KAIKEI_KOUMOKU4>2011/11/18-2014/04/01</KAIKEI_KOUMOKU4>
    <KAIKEI_KOUMOKU5></KAIKEI_KOUMOKU5>
    <KANRI_COMMENT1></KANRI_COMMENT1>
    <KANRI_COMMENT2></KANRI_COMMENT2>
    <KANRI_COMMENT3></KANRI_COMMENT3>
    <KANRI_COMMENT4></KANRI_COMMENT4>
    <KANRI_COMMENT5></KANRI_COMMENT5>
    <KANRI_COMMENT6></KANRI_COMMENT6>
    <KANRI_COMMENT7></KANRI_COMMENT7>
    <KANRI_COMMENT8></KANRI_COMMENT8>
    <KANRI_COMMENT9></KANRI_COMMENT9>
    <KANRI_COMMENT10>111118-140401 180183   野村グローバル高</KANRI_COMMENT10>
    <AUS_FLG_01>0</AUS_FLG_01>
    <AU_USR_ID_01></AU_USR_ID_01>
    <AUS_DATE_01></AUS_DATE_01>
    <AUS_FLG_02>0</AUS_FLG_02>
    <AU_USR_ID_02></AU_USR_ID_02>
    <AUS_DATE_02></AUS_DATE_02>
    <SYO_FLG>0</SYO_FLG>
  </DEN>
  <DEN>
    <KAI_CODE>NAMD</KAI_CODE>
    <IN_SYS_CODE>A8</IN_SYS_CODE>
    <IN_SYS_DATE>20100222</IN_SYS_DATE>
    <IN_SYS_DATA_NO>0</IN_SYS_DATA_NO>
    <SWK_ID>A8003</SWK_ID>
    <KESSAN_KBN>0</KESSAN_KBN>
    <IN_USR_ID>A8</IN_USR_ID>
    <DEN_NO>02220005</DEN_NO>
    <DRCR GYO_NO="1">
      <DR_KMK_CODE></DR_KMK_CODE>
      <DR_HKM_CODE></DR_HKM_CODE>
      <DR_BMN_CODE>HQ0000</DR_BMN_CODE>
      <DR_CODE1></DR_CODE1>
      <DR_CODE2></DR_CODE2>
      <DR_CODE3></DR_CODE3>
      <DR_CODE4>ACMT021</DR_CODE4>
      <DR_KIN>2450</DR_KIN>
      <DR_CUR_CODE></DR_CUR_CODE>
      <DR_CRT_RATE_TYPE></DR_CRT_RATE_TYPE>
      <DR_CRT_RATE></DR_CRT_RATE>
      <DR_CUR_KIN></DR_CUR_KIN>
      <DR_ZEI_CODE></DR_ZEI_CODE>
      <DR_ZEI_KBN></DR_ZEI_KBN>
      <DR_ZEI_KIN>196</DR_ZEI_KIN>
      <DR_TEKIYO1>2011/11 - 2014/04</DR_TEKIYO1>
      <DR_TEKIYO2></DR_TEKIYO2>
      <DR_TORI_KBN>2</DR_TORI_KBN>
      <DR_TORI_CODE>0008</DR_TORI_CODE>
      <CR_KMK_CODE></CR_KMK_CODE>
      <CR_HKM_CODE></CR_HKM_CODE>
      <CR_BMN_CODE>HQ0000</CR_BMN_CODE>
      <CR_CODE1></CR_CODE1>
      <CR_CODE2></CR_CODE2>
      <CR_CODE3></CR_CODE3>
      <CR_CODE4>ACMT021</CR_CODE4>
      <CR_KIN>2450</CR_KIN>
      <CR_CUR_CODE></CR_CUR_CODE>
      <CR_CRT_RATE_TYPE></CR_CRT_RATE_TYPE>
      <CR_CRT_RATE></CR_CRT_RATE>
      <CR_CUR_KIN></CR_CUR_KIN>
      <CR_ZEI_CODE></CR_ZEI_CODE>
      <CR_ZEI_KBN></CR_ZEI_KBN>
      <CR_ZEI_KIN>196</CR_ZEI_KIN>
      <CR_TEKIYO1>2011/11 - 2014/04</CR_TEKIYO1>
      <CR_TEKIYO2></CR_TEKIYO2>
      <CR_TORI_KBN>2</CR_TORI_KBN>
      <CR_TORI_CODE>0008</CR_TORI_CODE>
    </DRCR>
    <SWK_JYO1></SWK_JYO1>
    <SWK_JYO2></SWK_JYO2>
    <SWK_JYO3></SWK_JYO3>
    <SWK_JYO4></SWK_JYO4>
    <SWK_JYO5></SWK_JYO5>
    <KAIKEI_KOUMOKU1>RVN000</KAIKEI_KOUMOKU1>
    <KAIKEI_KOUMOKU2>RVNMF0</KAIKEI_KOUMOKU2>
    <KAIKEI_KOUMOKU3></KAIKEI_KOUMOKU3>
    <KAIKEI_KOUMOKU4>2011/11/18-2014/04/01</KAIKEI_KOUMOKU4>
    <KAIKEI_KOUMOKU5></KAIKEI_KOUMOKU5>
    <KANRI_COMMENT1></KANRI_COMMENT1>
    <KANRI_COMMENT2></KANRI_COMMENT2>
    <KANRI_COMMENT3></KANRI_COMMENT3>
    <KANRI_COMMENT4></KANRI_COMMENT4>
    <KANRI_COMMENT5></KANRI_COMMENT5>
    <KANRI_COMMENT6></KANRI_COMMENT6>
    <KANRI_COMMENT7></KANRI_COMMENT7>
    <KANRI_COMMENT8></KANRI_COMMENT8>
    <KANRI_COMMENT9></KANRI_COMMENT9>
    <KANRI_COMMENT10>111118-140401 180183   野村グローバル高</KANRI_COMMENT10>
    <AUS_FLG_01>0</AUS_FLG_01>
    <AU_USR_ID_01></AU_USR_ID_01>
    <AUS_DATE_01></AUS_DATE_01>
    <AUS_FLG_02>0</AUS_FLG_02>
    <AU_USR_ID_02></AU_USR_ID_02>
    <AUS_DATE_02></AUS_DATE_02>
    <SYO_FLG>0</SYO_FLG>
  </DEN>
  <DEN>
    <KAI_CODE>NAMD</KAI_CODE>
    <IN_SYS_CODE>A8</IN_SYS_CODE>
    <IN_SYS_DATE>20100222</IN_SYS_DATE>
    <IN_SYS_DATA_NO>0</IN_SYS_DATA_NO>
    <SWK_ID>A8002</SWK_ID>
    <KESSAN_KBN>0</KESSAN_KBN>
    <IN_USR_ID>A8</IN_USR_ID>
    <DEN_NO>02220006</DEN_NO>
    <DRCR GYO_NO="1">
      <DR_KMK_CODE></DR_KMK_CODE>
      <DR_HKM_CODE></DR_HKM_CODE>
      <DR_BMN_CODE>HQ0000</DR_BMN_CODE>
      <DR_CODE1></DR_CODE1>
      <DR_CODE2></DR_CODE2>
      <DR_CODE3></DR_CODE3>
      <DR_CODE4>ACMT021</DR_CODE4>
      <DR_KIN>167514</DR_KIN>
      <DR_CUR_CODE></DR_CUR_CODE>
      <DR_CRT_RATE_TYPE></DR_CRT_RATE_TYPE>
      <DR_CRT_RATE></DR_CRT_RATE>
      <DR_CUR_KIN></DR_CUR_KIN>
      <DR_ZEI_CODE></DR_ZEI_CODE>
      <DR_ZEI_KBN></DR_ZEI_KBN>
      <DR_ZEI_KIN>8375</DR_ZEI_KIN>
      <DR_TEKIYO1>2014/03 - 2014/09</DR_TEKIYO1>
      <DR_TEKIYO2></DR_TEKIYO2>
      <DR_TORI_KBN>2</DR_TORI_KBN>
      <DR_TORI_CODE>0008</DR_TORI_CODE>
      <CR_KMK_CODE></CR_KMK_CODE>
      <CR_HKM_CODE></CR_HKM_CODE>
      <CR_BMN_CODE>HQ0000</CR_BMN_CODE>
      <CR_CODE1></CR_CODE1>
      <CR_CODE2></CR_CODE2>
      <CR_CODE3></CR_CODE3>
      <CR_CODE4>ACMT021</CR_CODE4>
      <CR_KIN>167514</CR_KIN>
      <CR_CUR_CODE></CR_CUR_CODE>
      <CR_CRT_RATE_TYPE></CR_CRT_RATE_TYPE>
      <CR_CRT_RATE></CR_CRT_RATE>
      <CR_CUR_KIN></CR_CUR_KIN>
      <CR_ZEI_CODE></CR_ZEI_CODE>
      <CR_ZEI_KBN></CR_ZEI_KBN>
      <CR_ZEI_KIN>8375</CR_ZEI_KIN>
      <CR_TEKIYO1>2014/03 - 2014/09</CR_TEKIYO1>
      <CR_TEKIYO2></CR_TEKIYO2>
      <CR_TORI_KBN>2</CR_TORI_KBN>
      <CR_TORI_CODE>0008</CR_TORI_CODE>
    </DRCR>
    <SWK_JYO1></SWK_JYO1>
    <SWK_JYO2></SWK_JYO2>
    <SWK_JYO3></SWK_JYO3>
    <SWK_JYO4></SWK_JYO4>
    <SWK_JYO5></SWK_JYO5>
    <KAIKEI_KOUMOKU1>RVN000</KAIKEI_KOUMOKU1>
    <KAIKEI_KOUMOKU2>RVNMF0</KAIKEI_KOUMOKU2>
    <KAIKEI_KOUMOKU3></KAIKEI_KOUMOKU3>
    <KAIKEI_KOUMOKU4>2014/03/31-2014/09/15</KAIKEI_KOUMOKU4>
    <KAIKEI_KOUMOKU5></KAIKEI_KOUMOKU5>
    <KANRI_COMMENT1></KANRI_COMMENT1>
    <KANRI_COMMENT2></KANRI_COMMENT2>
    <KANRI_COMMENT3></KANRI_COMMENT3>
    <KANRI_COMMENT4></KANRI_COMMENT4>
    <KANRI_COMMENT5></KANRI_COMMENT5>
    <KANRI_COMMENT6></KANRI_COMMENT6>
    <KANRI_COMMENT7></KANRI_COMMENT7>
    <KANRI_COMMENT8></KANRI_COMMENT8>
    <KANRI_COMMENT9></KANRI_COMMENT9>
    <KANRI_COMMENT10>140331-140915 180184   野村グローバル高</KANRI_COMMENT10>
    <AUS_FLG_01>0</AUS_FLG_01>
    <AU_USR_ID_01></AU_USR_ID_01>
    <AUS_DATE_01></AUS_DATE_01>
    <AUS_FLG_02>0</AUS_FLG_02>
    <AU_USR_ID_02></AU_USR_ID_02>
    <AUS_DATE_02></AUS_DATE_02>
    <SYO_FLG>0</SYO_FLG>
  </DEN>
  <DEN>
    <KAI_CODE>NAMD</KAI_CODE>
    <IN_SYS_CODE>A8</IN_SYS_CODE>
    <IN_SYS_DATE>20100222</IN_SYS_DATE>
    <IN_SYS_DATA_NO>0</IN_SYS_DATA_NO>
    <SWK_ID>A8003</SWK_ID>
    <KESSAN_KBN>0</KESSAN_KBN>
    <IN_USR_ID>A8</IN_USR_ID>
    <DEN_NO>02220007</DEN_NO>
    <DRCR GYO_NO="1">
      <DR_KMK_CODE></DR_KMK_CODE>
      <DR_HKM_CODE></DR_HKM_CODE>
      <DR_BMN_CODE>HQ0000</DR_BMN_CODE>
      <DR_CODE1></DR_CODE1>
      <DR_CODE2></DR_CODE2>
      <DR_CODE3></DR_CODE3>
      <DR_CODE4>ACMT021</DR_CODE4>
      <DR_KIN>28142193</DR_KIN>
      <DR_CUR_CODE></DR_CUR_CODE>
      <DR_CRT_RATE_TYPE></DR_CRT_RATE_TYPE>
      <DR_CRT_RATE></DR_CRT_RATE>
      <DR_CUR_KIN></DR_CUR_KIN>
      <DR_ZEI_CODE></DR_ZEI_CODE>
      <DR_ZEI_KBN></DR_ZEI_KBN>
      <DR_ZEI_KIN>2251375</DR_ZEI_KIN>
      <DR_TEKIYO1>2014/03 - 2014/09</DR_TEKIYO1>
      <DR_TEKIYO2></DR_TEKIYO2>
      <DR_TORI_KBN>2</DR_TORI_KBN>
      <DR_TORI_CODE>0008</DR_TORI_CODE>
      <CR_KMK_CODE></CR_KMK_CODE>
      <CR_HKM_CODE></CR_HKM_CODE>
      <CR_BMN_CODE>HQ0000</CR_BMN_CODE>
      <CR_CODE1></CR_CODE1>
      <CR_CODE2></CR_CODE2>
      <CR_CODE3></CR_CODE3>
      <CR_CODE4>ACMT021</CR_CODE4>
      <CR_KIN>28142193</CR_KIN>
      <CR_CUR_CODE></CR_CUR_CODE>
      <CR_CRT_RATE_TYPE></CR_CRT_RATE_TYPE>
      <CR_CRT_RATE></CR_CRT_RATE>
      <CR_CUR_KIN></CR_CUR_KIN>
      <CR_ZEI_CODE></CR_ZEI_CODE>
      <CR_ZEI_KBN></CR_ZEI_KBN>
      <CR_ZEI_KIN>2251375</CR_ZEI_KIN>
      <CR_TEKIYO1>2014/03 - 2014/09</CR_TEKIYO1>
      <CR_TEKIYO2></CR_TEKIYO2>
      <CR_TORI_KBN>2</CR_TORI_KBN>
      <CR_TORI_CODE>0008</CR_TORI_CODE>
    </DRCR>
    <SWK_JYO1></SWK_JYO1>
    <SWK_JYO2></SWK_JYO2>
    <SWK_JYO3></SWK_JYO3>
    <SWK_JYO4></SWK_JYO4>
    <SWK_JYO5></SWK_JYO5>
    <KAIKEI_KOUMOKU1>RVN000</KAIKEI_KOUMOKU1>
    <KAIKEI_KOUMOKU2>RVNMF0</KAIKEI_KOUMOKU2>
    <KAIKEI_KOUMOKU3></KAIKEI_KOUMOKU3>
    <KAIKEI_KOUMOKU4>2014/03/31-2014/09/15</KAIKEI_KOUMOKU4>
    <KAIKEI_KOUMOKU5></KAIKEI_KOUMOKU5>
    <KANRI_COMMENT1></KANRI_COMMENT1>
    <KANRI_COMMENT2></KANRI_COMMENT2>
    <KANRI_COMMENT3></KANRI_COMMENT3>
    <KANRI_COMMENT4></KANRI_COMMENT4>
    <KANRI_COMMENT5></KANRI_COMMENT5>
    <KANRI_COMMENT6></KANRI_COMMENT6>
    <KANRI_COMMENT7></KANRI_COMMENT7>
    <KANRI_COMMENT8></KANRI_COMMENT8>
    <KANRI_COMMENT9></KANRI_COMMENT9>
    <KANRI_COMMENT10>140331-140915 180184   野村グローバル高</KANRI_COMMENT10>
    <AUS_FLG_01>0</AUS_FLG_01>
    <AU_USR_ID_01></AU_USR_ID_01>
    <AUS_DATE_01></AUS_DATE_01>
    <AUS_FLG_02>0</AUS_FLG_02>
    <AU_USR_ID_02></AU_USR_ID_02>
    <AUS_DATE_02></AUS_DATE_02>
    <SYO_FLG>0</SYO_FLG>
  </DEN>
  <DEN>
    <KAI_CODE>NAMD</KAI_CODE>
    <IN_SYS_CODE>A8</IN_SYS_CODE>
    <IN_SYS_DATE>20100222</IN_SYS_DATE>
    <IN_SYS_DATA_NO>0</IN_SYS_DATA_NO>
    <SWK_ID>A8003</SWK_ID>
    <KESSAN_KBN>0</KESSAN_KBN>
    <IN_USR_ID>A8</IN_USR_ID>
    <DEN_NO>02220008</DEN_NO>
    <DRCR GYO_NO="1">
      <DR_KMK_CODE></DR_KMK_CODE>
      <DR_HKM_CODE></DR_HKM_CODE>
      <DR_BMN_CODE>HQ0000</DR_BMN_CODE>
      <DR_CODE1></DR_CODE1>
      <DR_CODE2></DR_CODE2>
      <DR_CODE3></DR_CODE3>
      <DR_CODE4>ACMT021</DR_CODE4>
      <DR_KIN>21169302</DR_KIN>
      <DR_CUR_CODE></DR_CUR_CODE>
      <DR_CRT_RATE_TYPE></DR_CRT_RATE_TYPE>
      <DR_CRT_RATE></DR_CRT_RATE>
      <DR_CUR_KIN></DR_CUR_KIN>
      <DR_ZEI_CODE></DR_ZEI_CODE>
      <DR_ZEI_KBN></DR_ZEI_KBN>
      <DR_ZEI_KIN>1693544</DR_ZEI_KIN>
      <DR_TEKIYO1>2014/04 - 2014/04</DR_TEKIYO1>
      <DR_TEKIYO2></DR_TEKIYO2>
      <DR_TORI_KBN>2</DR_TORI_KBN>
      <DR_TORI_CODE>0008</DR_TORI_CODE>
      <CR_KMK_CODE></CR_KMK_CODE>
      <CR_HKM_CODE></CR_HKM_CODE>
      <CR_BMN_CODE>HQ0000</CR_BMN_CODE>
      <CR_CODE1></CR_CODE1>
      <CR_CODE2></CR_CODE2>
      <CR_CODE3></CR_CODE3>
      <CR_CODE4>ACMT021</CR_CODE4>
      <CR_KIN>21169302</CR_KIN>
      <CR_CUR_CODE></CR_CUR_CODE>
      <CR_CRT_RATE_TYPE></CR_CRT_RATE_TYPE>
      <CR_CRT_RATE></CR_CRT_RATE>
      <CR_CUR_KIN></CR_CUR_KIN>
      <CR_ZEI_CODE></CR_ZEI_CODE>
      <CR_ZEI_KBN></CR_ZEI_KBN>
      <CR_ZEI_KIN>1693544</CR_ZEI_KIN>
      <CR_TEKIYO1>2014/04 - 2014/04</CR_TEKIYO1>
      <CR_TEKIYO2></CR_TEKIYO2>
      <CR_TORI_KBN>2</CR_TORI_KBN>
      <CR_TORI_CODE>0008</CR_TORI_CODE>
    </DRCR>
    <SWK_JYO1></SWK_JYO1>
    <SWK_JYO2></SWK_JYO2>
    <SWK_JYO3></SWK_JYO3>
    <SWK_JYO4></SWK_JYO4>
    <SWK_JYO5></SWK_JYO5>
    <KAIKEI_KOUMOKU1>RVN000</KAIKEI_KOUMOKU1>
    <KAIKEI_KOUMOKU2>RVNMF0</KAIKEI_KOUMOKU2>
    <KAIKEI_KOUMOKU3></KAIKEI_KOUMOKU3>
    <KAIKEI_KOUMOKU4>2014/04/01-2014/04/01</KAIKEI_KOUMOKU4>
    <KAIKEI_KOUMOKU5></KAIKEI_KOUMOKU5>
    <KANRI_COMMENT1></KANRI_COMMENT1>
    <KANRI_COMMENT2></KANRI_COMMENT2>
    <KANRI_COMMENT3></KANRI_COMMENT3>
    <KANRI_COMMENT4></KANRI_COMMENT4>
    <KANRI_COMMENT5></KANRI_COMMENT5>
    <KANRI_COMMENT6></KANRI_COMMENT6>
    <KANRI_COMMENT7></KANRI_COMMENT7>
    <KANRI_COMMENT8></KANRI_COMMENT8>
    <KANRI_COMMENT9></KANRI_COMMENT9>
    <KANRI_COMMENT10>140401-140401 180133-3 野村グローバルC</KANRI_COMMENT10>
    <AUS_FLG_01>0</AUS_FLG_01>
    <AU_USR_ID_01></AU_USR_ID_01>
    <AUS_DATE_01></AUS_DATE_01>
    <AUS_FLG_02>0</AUS_FLG_02>
    <AU_USR_ID_02></AU_USR_ID_02>
    <AUS_DATE_02></AUS_DATE_02>
    <SYO_FLG>0</SYO_FLG>
  </DEN>
  <DEN>
    <KAI_CODE>NAMD</KAI_CODE>
    <IN_SYS_CODE>A8</IN_SYS_CODE>
    <IN_SYS_DATE>20100222</IN_SYS_DATE>
    <IN_SYS_DATA_NO>0</IN_SYS_DATA_NO>
    <SWK_ID>A8003</SWK_ID>
    <KESSAN_KBN>0</KESSAN_KBN>
    <IN_USR_ID>A8</IN_USR_ID>
    <DEN_NO>02220009</DEN_NO>
    <DRCR GYO_NO="1">
      <DR_KMK_CODE></DR_KMK_CODE>
      <DR_HKM_CODE></DR_HKM_CODE>
      <DR_BMN_CODE>HQ0000</DR_BMN_CODE>
      <DR_CODE1></DR_CODE1>
      <DR_CODE2></DR_CODE2>
      <DR_CODE3></DR_CODE3>
      <DR_CODE4>ACMT021</DR_CODE4>
      <DR_KIN>31169302</DR_KIN>
      <DR_CUR_CODE></DR_CUR_CODE>
      <DR_CRT_RATE_TYPE></DR_CRT_RATE_TYPE>
      <DR_CRT_RATE></DR_CRT_RATE>
      <DR_CUR_KIN></DR_CUR_KIN>
      <DR_ZEI_CODE></DR_ZEI_CODE>
      <DR_ZEI_KBN></DR_ZEI_KBN>
      <DR_ZEI_KIN>2493544</DR_ZEI_KIN>
      <DR_TEKIYO1>2014/04 - 2014/09</DR_TEKIYO1>
      <DR_TEKIYO2></DR_TEKIYO2>
      <DR_TORI_KBN>2</DR_TORI_KBN>
      <DR_TORI_CODE>0008</DR_TORI_CODE>
      <CR_KMK_CODE></CR_KMK_CODE>
      <CR_HKM_CODE></CR_HKM_CODE>
      <CR_BMN_CODE>HQ0000</CR_BMN_CODE>
      <CR_CODE1></CR_CODE1>
      <CR_CODE2></CR_CODE2>
      <CR_CODE3></CR_CODE3>
      <CR_CODE4>ACMT021</CR_CODE4>
      <CR_KIN>31169302</CR_KIN>
      <CR_CUR_CODE></CR_CUR_CODE>
      <CR_CRT_RATE_TYPE></CR_CRT_RATE_TYPE>
      <CR_CRT_RATE></CR_CRT_RATE>
      <CR_CUR_KIN></CR_CUR_KIN>
      <CR_ZEI_CODE></CR_ZEI_CODE>
      <CR_ZEI_KBN></CR_ZEI_KBN>
      <CR_ZEI_KIN>2493544</CR_ZEI_KIN>
      <CR_TEKIYO1>2014/04 - 2014/09</CR_TEKIYO1>
      <CR_TEKIYO2></CR_TEKIYO2>
      <CR_TORI_KBN>2</CR_TORI_KBN>
      <CR_TORI_CODE>0008</CR_TORI_CODE>
    </DRCR>
    <SWK_JYO1></SWK_JYO1>
    <SWK_JYO2></SWK_JYO2>
    <SWK_JYO3></SWK_JYO3>
    <SWK_JYO4></SWK_JYO4>
    <SWK_JYO5></SWK_JYO5>
    <KAIKEI_KOUMOKU1>RVN000</KAIKEI_KOUMOKU1>
    <KAIKEI_KOUMOKU2>RVNMF0</KAIKEI_KOUMOKU2>
    <KAIKEI_KOUMOKU3></KAIKEI_KOUMOKU3>
    <KAIKEI_KOUMOKU4>2014/04/01-2014/09/20</KAIKEI_KOUMOKU4>
    <KAIKEI_KOUMOKU5></KAIKEI_KOUMOKU5>
    <KANRI_COMMENT1></KANRI_COMMENT1>
    <KANRI_COMMENT2></KANRI_COMMENT2>
    <KANRI_COMMENT3></KANRI_COMMENT3>
    <KANRI_COMMENT4></KANRI_COMMENT4>
    <KANRI_COMMENT5></KANRI_COMMENT5>
    <KANRI_COMMENT6></KANRI_COMMENT6>
    <KANRI_COMMENT7></KANRI_COMMENT7>
    <KANRI_COMMENT8></KANRI_COMMENT8>
    <KANRI_COMMENT9></KANRI_COMMENT9>
    <KANRI_COMMENT10>140401-140920 180133-3 野村グローバルC</KANRI_COMMENT10>
    <AUS_FLG_01>0</AUS_FLG_01>
    <AU_USR_ID_01></AU_USR_ID_01>
    <AUS_DATE_01></AUS_DATE_01>
    <AUS_FLG_02>0</AUS_FLG_02>
    <AU_USR_ID_02></AU_USR_ID_02>
    <AUS_DATE_02></AUS_DATE_02>
    <SYO_FLG>0</SYO_FLG>
  </DEN>
</DEN_LIST>
